{
  "annotations": {
    "list": [
      {
        "builtIn": 1,
        "datasource": {
          "type": "datasource",
          "uid": "grafana"
        },
        "enable": true,
        "hide": true,
        "iconColor": "rgba(0, 211, 255, 1)",
        "name": "Annotations & Alerts",
        "target": {
          "limit": 100,
          "matchAny": false,
          "tags": [],
          "type": "dashboard"
        },
        "type": "dashboard"
      }
    ]
  },
  "description": "Basic rabbitmq host stats: Node Stats, Exchanges, Channels, Consumers,  Connections, Queues, Messages, Messages per Queue, Memory, File Descriptors, Sockets.",
  "editable": true,
  "fiscalYearStartMonth": 0,
  "gnetId": 4371,
  "graphTooltip": 0,
  "id": 1,
  "iteration": 1685294236924,
  "links": [],
  "liveNow": false,
  "panels": [
    {
      "datasource": {
        "type": "prometheus",
        "uid": "PABF2E7BD7AE7B0F4"
      },
      "fieldConfig": {
        "defaults": {
          "color": {
            "mode": "thresholds"
          },
          "mappings": [
            {
              "options": {
                "0": {
                  "text": "Down"
                },
                "1": {
                  "text": "Up"
                }
              },
              "type": "value"
            },
            {
              "options": {
                "match": "null",
                "result": {
                  "text": "N/A"
                }
              },
              "type": "special"
            }
          ],
          "thresholds": {
            "mode": "absolute",
            "steps": [
              {
                "color": "rgba(50, 172, 45, 0.97)",
                "value": null
              },
              {
                "color": "rgba(237, 129, 40, 0.89)",
                "value": null
              },
              {
                "color": "rgba(245, 54, 54, 0.9)",
                "value": null
              }
            ]
          },
          "unit": "h"
        },
        "overrides": []
      },
      "gridPos": {
        "h": 7,
        "w": 8,
        "x": 0,
        "y": 0
      },
      "id": 13,
      "links": [],
      "maxDataPoints": 100,
      "options": {
        "colorMode": "background",
        "graphMode": "none",
        "justifyMode": "auto",
        "orientation": "horizontal",
        "reduceOptions": {
          "calcs": [
            "lastNotNull"
          ],
          "fields": "",
          "values": false
        },
        "textMode": "auto"
      },
      "pluginVersion": "8.5.25",
      "targets": [
        {
          "datasource": {
            "type": "prometheus",
            "uid": "PABF2E7BD7AE7B0F4"
          },
          "expr": "rabbitmq_erlang_uptime_seconds/60/60",
          "format": "time_series",
          "intervalFactor": 2,
          "metric": "rabbitmq_up",
          "refId": "A",
          "step": 2
        }
      ],
      "timeFrom": "30s",
      "title": "RabbitMQ Server",
      "type": "stat"
    },
    {
      "aliasColors": {},
      "bars": false,
      "dashLength": 10,
      "dashes": false,
      "datasource": {
        "type": "prometheus",
        "uid": "PABF2E7BD7AE7B0F4"
      },
      "decimals": 0,
      "fill": 1,
      "fillGradient": 0,
      "gridPos": {
        "h": 7,
        "w": 8,
        "x": 8,
        "y": 0
      },
      "hiddenSeries": false,
      "id": 4,
      "legend": {
        "alignAsTable": true,
        "avg": true,
        "current": true,
        "max": true,
        "min": true,
        "show": true,
        "total": false,
        "values": true
      },
      "lines": true,
      "linewidth": 1,
      "links": [],
      "nullPointMode": "null",
      "options": {
        "alertThreshold": true
      },
      "percentage": false,
      "pluginVersion": "8.5.25",
      "pointradius": 5,
      "points": false,
      "renderer": "flot",
      "seriesOverrides": [],
      "spaceLength": 10,
      "stack": false,
      "steppedLine": false,
      "targets": [
        {
          "datasource": {
            "type": "prometheus",
            "uid": "PABF2E7BD7AE7B0F4"
          },
          "editorMode": "code",
          "expr": "rabbitmq_channels_opened_total",
          "format": "time_series",
          "intervalFactor": 2,
          "legendFormat": "opened",
          "metric": "rabbitmq_channelsTotal",
          "range": true,
          "refId": "A",
          "step": 2
        },
        {
          "datasource": {
            "type": "prometheus",
            "uid": "PABF2E7BD7AE7B0F4"
          },
          "editorMode": "code",
          "expr": "rabbitmq_channels_closed_total",
          "hide": false,
          "legendFormat": "closed",
          "range": true,
          "refId": "B"
        }
      ],
      "thresholds": [],
      "timeRegions": [],
      "title": "Channels",
      "tooltip": {
        "shared": true,
        "sort": 0,
        "value_type": "individual"
      },
      "type": "graph",
      "xaxis": {
        "mode": "time",
        "show": true,
        "values": []
      },
      "yaxes": [
        {
          "format": "short",
          "logBase": 1,
          "show": true
        },
        {
          "format": "short",
          "logBase": 1,
          "show": true
        }
      ],
      "yaxis": {
        "align": false
      }
    },
    {
      "aliasColors": {},
      "bars": false,
      "dashLength": 10,
      "dashes": false,
      "datasource": {
        "type": "prometheus",
        "uid": "PABF2E7BD7AE7B0F4"
      },
      "decimals": 0,
      "fill": 1,
      "fillGradient": 0,
      "gridPos": {
        "h": 7,
        "w": 8,
        "x": 16,
        "y": 0
      },
      "hiddenSeries": false,
      "id": 3,
      "legend": {
        "alignAsTable": true,
        "avg": true,
        "current": true,
        "max": true,
        "min": true,
        "show": true,
        "total": false,
        "values": true
      },
      "lines": true,
      "linewidth": 1,
      "links": [],
      "nullPointMode": "null",
      "options": {
        "alertThreshold": true
      },
      "percentage": false,
      "pluginVersion": "8.5.25",
      "pointradius": 5,
      "points": false,
      "renderer": "flot",
      "seriesOverrides": [],
      "spaceLength": 10,
      "stack": false,
      "steppedLine": false,
      "targets": [
        {
          "datasource": {
            "type": "prometheus",
            "uid": "PABF2E7BD7AE7B0F4"
          },
          "expr": "rabbitmq_consumers",
          "format": "time_series",
          "intervalFactor": 2,
          "legendFormat": "{{instance}}:consumers",
          "metric": "rabbitmq_consumersTotal",
          "refId": "A",
          "step": 2
        }
      ],
      "thresholds": [],
      "timeRegions": [],
      "title": "Consumers",
      "tooltip": {
        "shared": true,
        "sort": 0,
        "value_type": "individual"
      },
      "type": "graph",
      "xaxis": {
        "mode": "time",
        "show": true,
        "values": []
      },
      "yaxes": [
        {
          "format": "short",
          "logBase": 1,
          "show": true
        },
        {
          "format": "short",
          "logBase": 1,
          "show": true
        }
      ],
      "yaxis": {
        "align": false
      }
    },
    {
      "aliasColors": {},
      "bars": false,
      "dashLength": 10,
      "dashes": false,
      "datasource": {
        "type": "prometheus",
        "uid": "PABF2E7BD7AE7B0F4"
      },
      "decimals": 0,
      "fill": 1,
      "fillGradient": 0,
      "gridPos": {
        "h": 7,
        "w": 8,
        "x": 0,
        "y": 7
      },
      "hiddenSeries": false,
      "id": 5,
      "legend": {
        "avg": true,
        "current": true,
        "max": true,
        "min": true,
        "show": true,
        "total": false,
        "values": true
      },
      "lines": true,
      "linewidth": 1,
      "links": [],
      "nullPointMode": "null",
      "options": {
        "alertThreshold": true
      },
      "percentage": false,
      "pluginVersion": "8.5.25",
      "pointradius": 5,
      "points": false,
      "renderer": "flot",
      "seriesOverrides": [],
      "spaceLength": 10,
      "stack": false,
      "steppedLine": false,
      "targets": [
        {
          "datasource": {
            "type": "prometheus",
            "uid": "PABF2E7BD7AE7B0F4"
          },
          "editorMode": "code",
          "expr": "rabbitmq_connections_opened_total",
          "format": "time_series",
          "intervalFactor": 2,
          "legendFormat": "opened",
          "metric": "rabbitmq_connectionsTotal",
          "range": true,
          "refId": "A",
          "step": 2
        },
        {
          "datasource": {
            "type": "prometheus",
            "uid": "PABF2E7BD7AE7B0F4"
          },
          "editorMode": "code",
          "expr": "rabbitmq_connections_closed_total",
          "hide": false,
          "legendFormat": "closed",
          "range": true,
          "refId": "B"
        }
      ],
      "thresholds": [],
      "timeRegions": [],
      "title": "Connections",
      "tooltip": {
        "shared": true,
        "sort": 0,
        "value_type": "individual"
      },
      "type": "graph",
      "xaxis": {
        "mode": "time",
        "show": true,
        "values": []
      },
      "yaxes": [
        {
          "format": "short",
          "logBase": 1,
          "show": true
        },
        {
          "format": "short",
          "logBase": 1,
          "show": true
        }
      ],
      "yaxis": {
        "align": false
      }
    },
    {
      "aliasColors": {},
      "bars": false,
      "dashLength": 10,
      "dashes": false,
      "datasource": {
        "type": "prometheus",
        "uid": "PABF2E7BD7AE7B0F4"
      },
      "fill": 1,
      "fillGradient": 0,
      "gridPos": {
        "h": 7,
        "w": 8,
        "x": 8,
        "y": 7
      },
      "hiddenSeries": false,
      "id": 7,
      "legend": {
        "alignAsTable": true,
        "avg": true,
        "current": true,
        "max": true,
        "min": true,
        "show": true,
        "total": false,
        "values": true
      },
      "lines": true,
      "linewidth": 1,
      "links": [],
      "nullPointMode": "null",
      "options": {
        "alertThreshold": true
      },
      "percentage": false,
      "pluginVersion": "8.5.25",
      "pointradius": 5,
      "points": false,
      "renderer": "flot",
      "seriesOverrides": [],
      "spaceLength": 10,
      "stack": false,
      "steppedLine": false,
      "targets": [
        {
          "datasource": {
            "type": "prometheus",
            "uid": "PABF2E7BD7AE7B0F4"
          },
          "editorMode": "code",
          "expr": "rabbitmq_queues_created_total",
          "format": "time_series",
          "intervalFactor": 2,
          "legendFormat": "total",
          "metric": "rabbitmq_queuesTotal",
          "range": true,
          "refId": "A",
          "step": 2
        },
        {
          "datasource": {
            "type": "prometheus",
            "uid": "PABF2E7BD7AE7B0F4"
          },
          "editorMode": "code",
          "expr": "rabbitmq_queues_declared_total",
          "hide": false,
          "legendFormat": "declared",
          "range": true,
          "refId": "B"
        },
        {
          "datasource": {
            "type": "prometheus",
            "uid": "PABF2E7BD7AE7B0F4"
          },
          "editorMode": "code",
          "expr": "rabbitmq_queues_deleted_total",
          "hide": false,
          "legendFormat": "deleted",
          "range": true,
          "refId": "C"
        }
      ],
      "thresholds": [],
      "timeRegions": [],
      "title": "Queues",
      "tooltip": {
        "shared": true,
        "sort": 0,
        "value_type": "individual"
      },
      "type": "graph",
      "xaxis": {
        "mode": "time",
        "show": true,
        "values": []
      },
      "yaxes": [
        {
          "format": "short",
          "logBase": 1,
          "show": true
        },
        {
          "format": "short",
          "logBase": 1,
          "show": true
        }
      ],
      "yaxis": {
        "align": false
      }
    },
    {
      "aliasColors": {},
      "bars": false,
      "dashLength": 10,
      "dashes": false,
      "datasource": {
        "type": "prometheus",
        "uid": "PABF2E7BD7AE7B0F4"
      },
      "decimals": 0,
      "fill": 1,
      "fillGradient": 0,
      "gridPos": {
        "h": 7,
        "w": 8,
        "x": 16,
        "y": 7
      },
      "hiddenSeries": false,
      "id": 8,
      "legend": {
        "alignAsTable": true,
        "avg": true,
        "current": true,
        "max": true,
        "min": true,
        "show": true,
        "total": false,
        "values": true
      },
      "lines": true,
      "linewidth": 1,
      "links": [],
      "nullPointMode": "null",
      "options": {
        "alertThreshold": true
      },
      "percentage": false,
      "pluginVersion": "8.5.25",
      "pointradius": 5,
      "points": false,
      "renderer": "flot",
      "seriesOverrides": [],
      "spaceLength": 10,
      "stack": false,
      "steppedLine": false,
      "targets": [
        {
          "expr": "sum by (vhost)(rabbitmq_queue_messages_ready{instance=~\"$instance.*\"})",
          "format": "time_series",
          "intervalFactor": 2,
          "legendFormat": "{{vhost}}:ready",
          "metric": "rabbitmq_queue_messages_ready",
          "refId": "A",
          "step": 2
        },
        {
          "expr": "sum by (vhost)(rabbitmq_queue_messages_published_total{instance=~\"$instance.*\"})",
          "format": "time_series",
          "intervalFactor": 2,
          "legendFormat": "{{vhost}}:published",
          "metric": "rabbitmq_queue_messages_published_total",
          "refId": "B",
          "step": 2
        },
        {
          "expr": "sum by (vhost)(rabbitmq_queue_messages_delivered_total{instance=~\"$instance.*\"})",
          "format": "time_series",
          "intervalFactor": 2,
          "legendFormat": "{{vhost}}:delivered",
          "metric": "rabbitmq_queue_messages_delivered_total",
          "refId": "C",
          "step": 2
        },
        {
          "expr": "sum by (vhost)(rabbitmq_queue_messages_unacknowledged{instance=~\"$instance.*\"})",
          "format": "time_series",
          "intervalFactor": 2,
          "legendFormat": "{{vhost}}:unack",
          "metric": "ack",
          "refId": "D",
          "step": 2
        }
      ],
      "thresholds": [],
      "timeRegions": [],
      "title": "Messages/host",
      "tooltip": {
        "shared": true,
        "sort": 0,
        "value_type": "individual"
      },
      "type": "graph",
      "xaxis": {
        "mode": "time",
        "show": true,
        "values": []
      },
      "yaxes": [
        {
          "format": "short",
          "logBase": 1,
          "show": true
        },
        {
          "format": "short",
          "logBase": 1,
          "show": true
        }
      ],
      "yaxis": {
        "align": false
      }
    },
    {
      "aliasColors": {},
      "bars": false,
      "dashLength": 10,
      "dashes": false,
      "datasource": {
        "type": "prometheus",
        "uid": "PABF2E7BD7AE7B0F4"
      },
      "decimals": 0,
      "fill": 1,
      "fillGradient": 0,
      "gridPos": {
        "h": 7,
        "w": 8,
        "x": 0,
        "y": 14
      },
      "hiddenSeries": false,
      "id": 2,
      "legend": {
        "alignAsTable": true,
        "avg": false,
        "current": true,
        "max": false,
        "min": false,
        "rightSide": false,
        "show": true,
        "total": false,
        "values": true
      },
      "lines": true,
      "linewidth": 1,
      "links": [],
      "nullPointMode": "null",
      "options": {
        "alertThreshold": true
      },
      "percentage": false,
      "pluginVersion": "8.5.25",
      "pointradius": 5,
      "points": false,
      "renderer": "flot",
      "seriesOverrides": [],
      "spaceLength": 10,
      "stack": false,
      "steppedLine": false,
      "targets": [
        {
          "expr": "rabbitmq_queue_messages{instance=~\"$instance.*\"}",
          "format": "time_series",
          "intervalFactor": 2,
          "legendFormat": "{{queue}}:{{durable}}",
          "metric": "rabbitmq_queue_messages",
          "refId": "A",
          "step": 2
        }
      ],
      "thresholds": [],
      "timeRegions": [],
      "title": "Messages / Queue",
      "tooltip": {
        "shared": true,
        "sort": 0,
        "value_type": "individual"
      },
      "type": "graph",
      "xaxis": {
        "mode": "time",
        "show": true,
        "values": []
      },
      "yaxes": [
        {
          "format": "short",
          "logBase": 1,
          "show": true
        },
        {
          "format": "short",
          "logBase": 1,
          "show": true
        }
      ],
      "yaxis": {
        "align": false
      }
    },
    {
      "aliasColors": {},
      "bars": false,
      "dashLength": 10,
      "dashes": false,
      "datasource": {
        "type": "prometheus",
        "uid": "PABF2E7BD7AE7B0F4"
      },
      "fill": 1,
      "fillGradient": 0,
      "gridPos": {
        "h": 7,
        "w": 8,
        "x": 8,
        "y": 14
      },
      "hiddenSeries": false,
      "id": 9,
      "legend": {
        "alignAsTable": true,
        "avg": true,
        "current": true,
        "max": true,
        "min": true,
        "show": true,
        "total": false,
        "values": true
      },
      "lines": true,
      "linewidth": 1,
      "links": [],
      "nullPointMode": "null",
      "options": {
        "alertThreshold": true
      },
      "percentage": false,
      "pluginVersion": "8.5.25",
      "pointradius": 5,
      "points": false,
      "renderer": "flot",
      "seriesOverrides": [],
      "spaceLength": 10,
      "stack": false,
      "steppedLine": false,
      "targets": [
        {
          "datasource": {
            "type": "prometheus",
            "uid": "PABF2E7BD7AE7B0F4"
          },
          "expr": "rabbitmq_queue_process_memory_bytes",
          "format": "time_series",
          "intervalFactor": 2,
          "legendFormat": "{{node}}:used",
          "metric": "rabbitmq_node_mem_used",
          "refId": "A",
          "step": 2
        }
      ],
      "thresholds": [],
      "timeRegions": [],
      "title": "Memory",
      "tooltip": {
        "shared": true,
        "sort": 0,
        "value_type": "individual"
      },
      "type": "graph",
      "xaxis": {
        "mode": "time",
        "show": true,
        "values": []
      },
      "yaxes": [
        {
          "format": "decbytes",
          "logBase": 1,
          "show": true
        },
        {
          "format": "short",
          "logBase": 1,
          "show": true
        }
      ],
      "yaxis": {
        "align": false
      }
    },
    {
      "aliasColors": {},
      "bars": false,
      "dashLength": 10,
      "dashes": false,
      "datasource": {
        "type": "prometheus",
        "uid": "PABF2E7BD7AE7B0F4"
      },
      "fill": 1,
      "fillGradient": 0,
      "gridPos": {
        "h": 7,
        "w": 8,
        "x": 16,
        "y": 14
      },
      "hiddenSeries": false,
      "id": 11,
      "legend": {
        "alignAsTable": true,
        "avg": true,
        "current": true,
        "max": true,
        "min": true,
        "show": true,
        "total": false,
        "values": true
      },
      "lines": true,
      "linewidth": 1,
      "links": [],
      "nullPointMode": "null",
      "options": {
        "alertThreshold": true
      },
      "percentage": false,
      "pluginVersion": "8.5.25",
      "pointradius": 5,
      "points": false,
      "renderer": "flot",
      "seriesOverrides": [],
      "spaceLength": 10,
      "stack": false,
      "steppedLine": false,
      "targets": [
        {
          "datasource": {
            "type": "prometheus",
            "uid": "PABF2E7BD7AE7B0F4"
          },
          "editorMode": "code",
          "expr": "rabbitmq_process_open_tcp_sockets",
          "format": "time_series",
          "intervalFactor": 2,
          "legendFormat": "open",
          "metric": "",
          "range": true,
          "refId": "A",
          "step": 2
        },
        {
          "datasource": {
            "type": "prometheus",
            "uid": "PABF2E7BD7AE7B0F4"
          },
          "editorMode": "code",
          "expr": "rabbitmq_process_max_tcp_sockets",
          "format": "time_series",
          "intervalFactor": 2,
          "legendFormat": "max",
          "metric": "",
          "range": true,
          "refId": "B",
          "step": 2
        }
      ],
      "thresholds": [],
      "timeRegions": [],
      "title": "Sockets",
      "tooltip": {
        "shared": true,
        "sort": 0,
        "value_type": "individual"
      },
      "type": "graph",
      "xaxis": {
        "mode": "time",
        "show": true,
        "values": []
      },
      "yaxes": [
        {
          "format": "short",
          "logBase": 1,
          "show": true
        },
        {
          "format": "short",
          "logBase": 1,
          "show": true
        }
      ],
      "yaxis": {
        "align": false
      }
    }
  ],
  "refresh": "5s",
  "schemaVersion": 36,
  "style": "dark",
  "tags": [],
  "templating": {
    "list": [
      {
        "current": {
          "selected": false,
          "text": "default",
          "value": "default"
        },
        "hide": 0,
        "includeAll": false,
        "multi": false,
        "name": "datasource",
        "options": [],
        "query": "prometheus",
        "refresh": 1,
        "regex": "",
        "skipUrlSync": false,
        "type": "datasource"
      },
      {
        "allValue": ".*",
        "current": {
          "selected": false,
          "text": "All",
          "value": "$__all"
        },
        "datasource": {
          "type": "prometheus",
          "uid": "$datasource"
        },
        "definition": "",
        "hide": 0,
        "includeAll": true,
        "multi": false,
        "name": "instance",
        "options": [],
        "query": {
          "query": "label_values(rabbitmq_up, instance)",
          "refId": "prom1-instance-Variable-Query"
        },
        "refresh": 1,
        "regex": "",
        "skipUrlSync": false,
        "sort": 1,
        "tagValuesQuery": "",
        "tagsQuery": "",
        "type": "query",
        "useTags": false
      }
    ]
  },
  "time": {
    "from": "now-1h",
    "to": "now"
  },
  "timepicker": {
    "refresh_intervals": [
      "5s",
      "10s",
      "30s",
      "1m",
      "5m",
      "15m",
      "30m",
      "1h",
      "2h",
      "1d"
    ],
    "time_options": [
      "5m",
      "15m",
      "1h",
      "6h",
      "12h",
      "24h",
      "2d",
      "7d",
      "30d"
    ]
  },
  "timezone": "browser",
  "title": "RabbitMQ Metrics",
  "uid": "Wh8xSfwVz",
  "version": 2,
  "weekStart": ""
}