{
  "annotations": {
    "list": [
      {
        "builtIn": 1,
        "datasource": {
          "type": "grafana",
          "uid": "-- Grafana --"
        },
        "enable": true,
        "hide": true,
        "iconColor": "rgba(0, 211, 255, 1)",
        "name": "Annotations & Alerts",
        "target": {
          "limit": 100,
          "matchAny": false,
          "tags": [],
          "type": "dashboard"
        },
        "type": "dashboard"
      }
    ]
  },
  "editable": true,
  "fiscalYearStartMonth": 0,
  "graphTooltip": 0,
  "id": 2,
  "links": [],
  "liveNow": false,
  "panels": [
    {
      "datasource": {
        "type": "mysql",
        "uid": "P3F31358D13C083AB"
      },
      "fieldConfig": {
        "defaults": {
          "color": {
            "mode": "thresholds"
          },
          "mappings": [],
          "thresholds": {
            "mode": "absolute",
            "steps": [
              {
                "color": "green",
                "value": null
              },
              {
                "color": "red",
                "value": 80
              }
            ]
          }
        },
        "overrides": []
      },
      "gridPos": {
        "h": 5,
        "w": 4,
        "x": 0,
        "y": 0
      },
      "id": 6,
      "options": {
        "colorMode": "value",
        "graphMode": "area",
        "justifyMode": "auto",
        "orientation": "auto",
        "reduceOptions": {
          "calcs": [
            "lastNotNull"
          ],
          "fields": "",
          "values": false
        },
        "textMode": "auto"
      },
      "pluginVersion": "8.5.25",
      "targets": [
        {
          "datasource": "MySQL-Airflow",
          "format": "table",
          "group": [],
          "metricColumn": "none",
          "rawQuery": true,
          "rawSql": "SELECT count(1) FROM `dag`\r\nwhere is_active = 1",
          "refId": "A",
          "select": [
            [
              {
                "params": [
                  "id"
                ],
                "type": "column"
              }
            ]
          ],
          "table": "ab_register_user",
          "timeColumn": "registration_date",
          "timeColumnType": "timestamp",
          "where": [
            {
              "name": "$__timeFilter",
              "params": [],
              "type": "macro"
            }
          ]
        }
      ],
      "title": "Active Dag Count",
      "type": "stat"
    },
    {
      "datasource": "MySQL-Airflow",
      "fieldConfig": {
        "defaults": {
          "color": {
            "mode": "thresholds"
          },
          "mappings": [],
          "thresholds": {
            "mode": "absolute",
            "steps": [
              {
                "color": "green",
                "value": null
              },
              {
                "color": "red",
                "value": 80
              }
            ]
          }
        },
        "overrides": []
      },
      "gridPos": {
        "h": 5,
        "w": 4,
        "x": 4,
        "y": 0
      },
      "id": 16,
      "options": {
        "colorMode": "value",
        "graphMode": "area",
        "justifyMode": "auto",
        "orientation": "auto",
        "reduceOptions": {
          "calcs": [
            "lastNotNull"
          ],
          "fields": "",
          "values": false
        },
        "textMode": "auto"
      },
      "pluginVersion": "8.5.25",
      "targets": [
        {
          "datasource": "MySQL-Airflow",
          "format": "table",
          "group": [],
          "metricColumn": "none",
          "rawQuery": true,
          "rawSql": "SELECT count(1)  FROM `task_instance` WHERE state = 'running'",
          "refId": "A",
          "select": [
            [
              {
                "params": [
                  "id"
                ],
                "type": "column"
              }
            ]
          ],
          "table": "ab_register_user",
          "timeColumn": "registration_date",
          "timeColumnType": "timestamp",
          "where": [
            {
              "name": "$__timeFilter",
              "params": [],
              "type": "macro"
            }
          ]
        }
      ],
      "title": "Task Running Count",
      "type": "stat"
    },
    {
      "datasource": "MySQL-Airflow",
      "fieldConfig": {
        "defaults": {
          "color": {
            "mode": "thresholds"
          },
          "mappings": [],
          "thresholds": {
            "mode": "absolute",
            "steps": [
              {
                "color": "green",
                "value": null
              },
              {
                "color": "red",
                "value": 0
              }
            ]
          }
        },
        "overrides": []
      },
      "gridPos": {
        "h": 5,
        "w": 4,
        "x": 8,
        "y": 0
      },
      "id": 8,
      "options": {
        "colorMode": "value",
        "graphMode": "area",
        "justifyMode": "auto",
        "orientation": "auto",
        "reduceOptions": {
          "calcs": [
            "lastNotNull"
          ],
          "fields": "",
          "values": false
        },
        "textMode": "auto"
      },
      "pluginVersion": "8.5.25",
      "targets": [
        {
          "datasource": "MySQL-Airflow",
          "format": "table",
          "group": [],
          "metricColumn": "none",
          "rawQuery": true,
          "rawSql": "SELECT count(1) FROM `task_instance` where state = 'failed'",
          "refId": "A",
          "select": [
            [
              {
                "params": [
                  "id"
                ],
                "type": "column"
              }
            ]
          ],
          "table": "ab_register_user",
          "timeColumn": "registration_date",
          "timeColumnType": "timestamp",
          "where": [
            {
              "name": "$__timeFilter",
              "params": [],
              "type": "macro"
            }
          ]
        }
      ],
      "title": "Task Failed Count",
      "type": "stat"
    },
    {
      "datasource": {
        "type": "mysql",
        "uid": "P3F31358D13C083AB"
      },
      "fieldConfig": {
        "defaults": {
          "color": {
            "mode": "thresholds"
          },
          "mappings": [],
          "thresholds": {
            "mode": "absolute",
            "steps": [
              {
                "color": "green",
                "value": null
              }
            ]
          }
        },
        "overrides": []
      },
      "gridPos": {
        "h": 5,
        "w": 4,
        "x": 12,
        "y": 0
      },
      "id": 10,
      "options": {
        "colorMode": "value",
        "graphMode": "area",
        "justifyMode": "auto",
        "orientation": "auto",
        "reduceOptions": {
          "calcs": [
            "lastNotNull"
          ],
          "fields": "",
          "values": false
        },
        "textMode": "auto"
      },
      "pluginVersion": "8.5.25",
      "targets": [
        {
          "datasource": "MySQL-Airflow",
          "format": "table",
          "group": [],
          "metricColumn": "none",
          "rawQuery": true,
          "rawSql": "SELECT count(1) FROM `task_instance` where state = 'success'",
          "refId": "A",
          "select": [
            [
              {
                "params": [
                  "id"
                ],
                "type": "column"
              }
            ]
          ],
          "table": "ab_register_user",
          "timeColumn": "registration_date",
          "timeColumnType": "timestamp",
          "where": [
            {
              "name": "$__timeFilter",
              "params": [],
              "type": "macro"
            }
          ]
        }
      ],
      "title": "Task Success Count",
      "type": "stat"
    },
    {
      "datasource": "MySQL-Airflow",
      "fieldConfig": {
        "defaults": {
          "color": {
            "mode": "thresholds"
          },
          "mappings": [],
          "thresholds": {
            "mode": "absolute",
            "steps": [
              {
                "color": "green",
                "value": null
              }
            ]
          }
        },
        "overrides": []
      },
      "gridPos": {
        "h": 5,
        "w": 4,
        "x": 16,
        "y": 0
      },
      "id": 12,
      "options": {
        "colorMode": "value",
        "graphMode": "area",
        "justifyMode": "auto",
        "orientation": "auto",
        "reduceOptions": {
          "calcs": [
            "lastNotNull"
          ],
          "fields": "",
          "values": false
        },
        "textMode": "auto"
      },
      "pluginVersion": "8.5.25",
      "targets": [
        {
          "datasource": "MySQL-Airflow",
          "format": "table",
          "group": [],
          "metricColumn": "none",
          "rawQuery": true,
          "rawSql": "    SELECT\r\n        ROUND(AVG(duration)) AS avg_duration_seconds\r\n    FROM\r\n        `task_instance`\r\n",
          "refId": "A",
          "select": [
            [
              {
                "params": [
                  "id"
                ],
                "type": "column"
              }
            ]
          ],
          "table": "ab_register_user",
          "timeColumn": "registration_date",
          "timeColumnType": "timestamp",
          "where": [
            {
              "name": "$__timeFilter",
              "params": [],
              "type": "macro"
            }
          ]
        }
      ],
      "title": "Avg Duration Seconds",
      "type": "stat"
    },
    {
      "datasource": {
        "type": "mysql",
        "uid": "P3F31358D13C083AB"
      },
      "fieldConfig": {
        "defaults": {
          "color": {
            "mode": "thresholds"
          },
          "custom": {
            "align": "center",
            "displayMode": "auto",
            "filterable": false,
            "inspect": false
          },
          "mappings": [],
          "thresholds": {
            "mode": "absolute",
            "steps": [
              {
                "color": "green",
                "value": null
              },
              {
                "color": "red",
                "value": 80
              }
            ]
          }
        },
        "overrides": []
      },
      "gridPos": {
        "h": 11,
        "w": 13,
        "x": 0,
        "y": 5
      },
      "id": 4,
      "options": {
        "footer": {
          "enablePagination": true,
          "fields": "",
          "reducer": [
            "sum"
          ],
          "show": false
        },
        "showHeader": true,
        "sortBy": [
          {
            "desc": true,
            "displayName": "is_active"
          }
        ]
      },
      "pluginVersion": "8.5.25",
      "targets": [
        {
          "datasource": "MySQL-Airflow",
          "format": "table",
          "group": [],
          "metricColumn": "none",
          "rawQuery": true,
          "rawSql": "SELECT\r\n    dag.dag_id,\r\n    dag.schedule_interval,\r\n    dag.next_dagrun,\r\n    task_instance.task_count\r\nFROM\r\n    dag\r\nLEFT JOIN(\r\n    SELECT\r\n        dag_id,\r\n        COUNT(DISTINCT(task_id)) AS task_count\r\n    FROM\r\n        `task_instance`\r\n    GROUP BY\r\n        dag_id\r\n) AS task_instance\r\nON\r\n    dag.dag_id = task_instance.dag_id",
          "refId": "A",
          "select": [
            [
              {
                "params": [
                  "id"
                ],
                "type": "column"
              }
            ]
          ],
          "table": "ab_register_user",
          "timeColumn": "registration_date",
          "timeColumnType": "timestamp",
          "where": [
            {
              "name": "$__timeFilter",
              "params": [],
              "type": "macro"
            }
          ]
        }
      ],
      "title": "Dag Info",
      "transformations": [
        {
          "id": "convertFieldType",
          "options": {
            "conversions": [
              {
                "destinationType": "boolean",
                "targetField": "is_active"
              },
              {
                "destinationType": "boolean",
                "targetField": "is_paused"
              }
            ],
            "fields": {}
          }
        }
      ],
      "type": "table"
    },
    {
      "datasource": "MySQL-Airflow",
      "fieldConfig": {
        "defaults": {
          "color": {
            "mode": "palette-classic"
          },
          "custom": {
            "axisLabel": "",
            "axisPlacement": "auto",
            "barAlignment": 0,
            "drawStyle": "line",
            "fillOpacity": 0,
            "gradientMode": "none",
            "hideFrom": {
              "legend": false,
              "tooltip": false,
              "viz": false
            },
            "lineInterpolation": "linear",
            "lineWidth": 1,
            "pointSize": 5,
            "scaleDistribution": {
              "type": "linear"
            },
            "showPoints": "auto",
            "spanNulls": false,
            "stacking": {
              "group": "A",
              "mode": "none"
            },
            "thresholdsStyle": {
              "mode": "off"
            }
          },
          "mappings": [],
          "thresholds": {
            "mode": "absolute",
            "steps": [
              {
                "color": "green",
                "value": null
              },
              {
                "color": "red",
                "value": 80
              }
            ]
          }
        },
        "overrides": []
      },
      "gridPos": {
        "h": 11,
        "w": 11,
        "x": 13,
        "y": 5
      },
      "id": 18,
      "options": {
        "legend": {
          "calcs": [],
          "displayMode": "list",
          "placement": "bottom"
        },
        "tooltip": {
          "mode": "single",
          "sort": "none"
        }
      },
      "pluginVersion": "8.5.25",
      "targets": [
        {
          "datasource": "MySQL-Airflow",
          "format": "time_series",
          "group": [],
          "metricColumn": "none",
          "rawQuery": true,
          "rawSql": "SELECT date(execution_date) as time, count(1) as count FROM `dag_run`\r\ngroup by time",
          "refId": "A",
          "select": [
            [
              {
                "params": [
                  "id"
                ],
                "type": "column"
              }
            ]
          ],
          "table": "ab_register_user",
          "timeColumn": "registration_date",
          "timeColumnType": "timestamp",
          "where": [
            {
              "name": "$__timeFilter",
              "params": [],
              "type": "macro"
            }
          ]
        }
      ],
      "title": "Daily Dag Run Count",
      "type": "timeseries"
    },
    {
      "datasource": "MySQL-Airflow",
      "fieldConfig": {
        "defaults": {
          "color": {
            "mode": "thresholds"
          },
          "custom": {
            "align": "center",
            "displayMode": "auto",
            "filterable": true,
            "inspect": false
          },
          "mappings": [],
          "thresholds": {
            "mode": "absolute",
            "steps": [
              {
                "color": "green",
                "value": null
              },
              {
                "color": "red",
                "value": 80
              }
            ]
          }
        },
        "overrides": []
      },
      "gridPos": {
        "h": 8,
        "w": 24,
        "x": 0,
        "y": 16
      },
      "id": 14,
      "options": {
        "footer": {
          "enablePagination": true,
          "fields": "",
          "reducer": [
            "sum"
          ],
          "show": false
        },
        "showHeader": true,
        "sortBy": [
          {
            "desc": true,
            "displayName": "avg_duration_seconds"
          }
        ]
      },
      "pluginVersion": "8.5.25",
      "targets": [
        {
          "datasource": "MySQL-Airflow",
          "format": "table",
          "group": [],
          "metricColumn": "none",
          "rawQuery": true,
          "rawSql": "SELECT\r\n    dag.dag_id,\r\n    task_instance.task_id,\r\n    task_instance.avg_duration_seconds,\r\n    task_instance.total_execution_times,\r\n    task_instance.failed_count,\r\n    task_instance.success_count\r\nFROM\r\n    dag\r\nLEFT JOIN(\r\n    SELECT\r\n        dag_id,\r\n        task_id,\r\n        ROUND(AVG(duration)) AS avg_duration_seconds,\r\n        COUNT(1) AS total_execution_times,\r\n        SUM(IF(state = \"failed\", 1, 0)) AS failed_count,\r\n    \tSUM(IF(state = \"success\", 1, 0)) AS success_count\r\n    FROM\r\n        `task_instance`\r\n    GROUP BY\r\n        dag_id,\r\n        task_id\r\n) AS task_instance\r\nON\r\n    dag.dag_id = task_instance.dag_id",
          "refId": "A",
          "select": [
            [
              {
                "params": [
                  "id"
                ],
                "type": "column"
              }
            ]
          ],
          "table": "ab_register_user",
          "timeColumn": "registration_date",
          "timeColumnType": "timestamp",
          "where": [
            {
              "name": "$__timeFilter",
              "params": [],
              "type": "macro"
            }
          ]
        }
      ],
      "title": "Task Analysis",
      "type": "table"
    }
  ],
  "schemaVersion": 36,
  "style": "dark",
  "tags": [],
  "templating": {
    "list": []
  },
  "time": {
    "from": "now-2d",
    "to": "now"
  },
  "timepicker": {},
  "timezone": "",
  "title": "FinMind - Airflow",
  "uid": "JHGz3Pw4z",
  "version": 1,
  "weekStart": ""
}